ФИО,Пол
Матвеев Виктор Васильевич,Мужчины
Федорова Александра Алексеевна,Женщины
Лавров Данила Тимофеевич,Мужчины
Волошин Даниил Дмитриевич,Мужчины
Харитонова Серафима Глебовна,Женщины
Беляева Вероника Александровна,Женщины
Дмитриева Анастасия Николаевна,Женщины
Филимонова Эмилия Артуровна,Женщины
Баженов Даниил Даниилович,Мужчины
Самсонова Арина Сергеевна,Женщины
Потапова Виктория Михайловна,Женщины
Беляев Дмитрий Степанович,Мужчины
Майорова Дарья Александровна,Женщины
Маслова София Ярославовна,Женщины
Маслова Маргарита Максимовна,Женщины
Зубова Серафима Робертовна,Женщины
Яшин Александр Михайлович,Мужчины
Бородина Ярослава Ивановна,Женщины
Гусев Алексей Маркович,Мужчины
Шаповалов Тимур Максимович,Мужчины
Леонтьева Анастасия Александровна,Женщины
Леонов Марк Михайлович,Мужчины
Климов Даниэль Алексеевич,Мужчины
Савельева Александра Фёдоровна,Женщины
Игнатова Алина Андреевна,Женщины
Романов Дмитрий Александрович,Мужчины
Осипова Ева Григорьевна,Женщины
Кириллова Алиса Александровна,Женщины
Власов Даниил Дмитриевич,Мужчины
Алексеева Алёна Матвеевна,Женщины
Петров Михаил Гордеевич,Мужчины
Зуева Анастасия Романовна,Женщины
Лобанова Елизавета Платоновна,Женщины
Лапшина Арина Матвеевна,Женщины
Беляева Влада Павловна,Женщины
Казакова Надежда Ильинична,Женщины
Кузнецова Вера Валерьевна,Женщины
Козлов Игорь Иванович,Мужчины
Орлова Анна Михайловна,Женщины
Нестерова Мария Германовна,Женщины
Попов Андрей Даниилович,Мужчины
Ковалева Алиса Матвеевна,Женщины
Ильин Пётр Алексеевич,Мужчины
Воробьева Татьяна Викторовна,Женщины
Ильина Софья Леонидовна,Женщины
Борисова Малика Тимофеевна,Женщины
Михайлов Никита Максимович,Мужчины
Козлова Ника Алексеевна,Женщины
Петровская Алина Ивановна,Женщины
Лопатин Артём Андреевич,Мужчины
Латышева Евгения Ильинична,Женщины
Беляев Павел Матвеевич,Мужчины
Авдеев Дмитрий Дмитриевич,Мужчины
Герасимова Майя Семёновна,Женщины
Алексеева Виктория Ивановна,Женщины
Андреева Александра Ивановна,Женщины
Королев Марк Дмитриевич,Мужчины
Савина Есения Андреевна,Женщины
Щеглов Руслан Александрович,Мужчины
Малышева София Давидовна,Женщины
Ананьев Константин Михайлович,Мужчины
Русаков Сергей Адамович,Мужчины
Комарова Полина Михайловна,Женщины
Греков Валерий Алексеевич,Мужчины
Миронова Анастасия Ивановна,Женщины
Трошина Алиса Ивановна,Женщины
Смирнова Надежда Макаровна,Женщины
Никулин Иван Константинович,Мужчины
Шаров Тимур Львович,Мужчины
Давыдов Ярослав Кириллович,Мужчины
Кравцова Вероника Алексеевна,Женщины
Осипов Глеб Романович,Мужчины
Коновалов Денис Дмитриевич,Мужчины
Чернышев Григорий Матвеевич,Мужчины
Попов Даниил Степанович,Мужчины
Быкова Милана Георгиевна,Женщины
Соколова Виктория Егоровна,Женщины
Калмыков Артём Иванович,Мужчины
Гущина Стефания Викторовна,Женщины
Новикова Александра Артёмовна,Женщины
Филатова Яна Глебовна,Женщины
Парфенов Артём Демидович,Мужчины
Голубева Эмилия Тиграновна,Женщины
Захаров Виктор Михайлович,Мужчины
Орехов Захар Андреевич,Мужчины
Ермолаев Сергей Юрьевич,Мужчины
Константинов Иван Романович,Мужчины
Сычева Кристина Богдановна,Женщины
Григорьева Аиша Сергеевна,Женщины
Лазарева Виктория Кирилловна,Женщины
Трофимова Сафия Сергеевна,Женщины
Ульянов Мирон Викторович,Мужчины
Федорова Анна Гордеевна,Женщины
Литвинов Роман Тимофеевич,Мужчины
Новикова Анастасия Дмитриевна,Женщины
Леонова Мария Максимовна,Женщины
Анисимова Ксения Руслановна,Женщины
Харитонов Елисей Русланович,Мужчины
Лебедев Кирилл Миронович,Мужчины
Денисов Николай Дмитриевич,Мужчины
Чернышева Полина Тимуровна,Женщины
Гончаров Иван Тимурович,Мужчины
Юдин Леон Дамирович,Мужчины
Рудаков Артём Иванович,Мужчины
Петровская Вероника Михайловна,Женщины
Артемов Лев Иванович,Мужчины
Кузнецов Матвей Ярославович,Мужчины
Никонов Даниил Константинович,Мужчины
Жуков Фёдор Александрович,Мужчины
Беляева Вероника Александровна,Женщины
Алексеева Ольга Никитична,Женщины
Мухина Елизавета Максимовна,Женщины
Климов Андрей Филиппович,Мужчины
Тихонов Егор Артёмович,Мужчины
Лукьянова Алиса Кирилловна,Женщины
Панова Надежда Григорьевна,Женщины
Павлов Илья Сергеевич,Мужчины
Орлов Константин Сергеевич,Мужчины
Касаткина Амелия Кирилловна,Женщины
Попов Ярослав Николаевич,Мужчины
Филиппов Борис Маркович,Мужчины
Коровин Тимур Евгеньевич,Мужчины
Афанасьева Ева Викторовна,Женщины
Федотов Ярослав Фёдорович,Мужчины
Воробьева София Андреевна,Женщины
Соболева София Никитична,Женщины
Гончаров Лев Михайлович,Мужчины
Смирнов Иван Михайлович,Мужчины
Муравьев Даниил Борисович,Мужчины
Кулешова Николь Александровна,Женщины
Соловьев Кирилл Дмитриевич,Мужчины
Гаврилова Варвара Матвеевна,Женщины
Савицкая Ева Григорьевна,Женщины
Куликов Арсений Никитич,Мужчины
Новикова Майя Михайловна,Женщины
Кравцова Варвара Макаровна,Женщины
Леонова Таисия Фёдоровна,Женщины
Михеев Макар Александрович,Мужчины
Ларионов Кирилл Макарович,Мужчины
Гущин Егор Георгиевич,Мужчины
Васильев Георгий Глебович,Мужчины
Комиссарова Василиса Михайловна,Женщины
Александрова Ирина Ивановна,Женщины
Александров Александр Артемьевич,Мужчины
Евдокимов Игорь Олегович,Мужчины
Гаврилов Владимир Даниилович,Мужчины
Терентьев Георгий Максимович,Мужчины
Маркин Дмитрий Романович,Мужчины
Клюев Лев Александрович,Мужчины
Нестеров Александр Всеволодович,Мужчины
Филиппов Платон Саввич,Мужчины
Кулешова Агата Георгиевна,Женщины
Соболева Ангелина Ильинична,Женщины
Филиппов Константин Егорович,Мужчины
Муравьева Анастасия Тимофеевна,Женщины
Панков Иван Тимофеевич,Мужчины
Артамонова Анна Игоревна,Женщины
Панин Лев Андреевич,Мужчины
Савельев Матвей Егорович,Мужчины
Прокофьев Роман Львович,Мужчины
Аксенова Екатерина Алексеевна,Женщины
Нефедов Алексей Антонович,Мужчины
Кузнецов Григорий Михайлович,Мужчины
Мельникова Нина Александровна,Женщины
Прокофьев Дмитрий Даниэльевич,Мужчины
Демидов Матвей Юрьевич,Мужчины
Сомов Савелий Тимурович,Мужчины
Овчинникова Алина Ильинична,Женщины
Лебедева Есения Марковна,Женщины
Алексеев Захар Степанович,Мужчины
Попов Андрей Гордеевич,Мужчины
Зуев Игорь Олегович,Мужчины
Злобин Матвей Елисеевич,Мужчины
Кузьмин Алексей Евгеньевич,Мужчины
Кочеткова Анна Владимировна,Женщины
Иванов Алексей Владиславович,Мужчины
Пономарев Григорий Даниилович,Мужчины
Филиппов Дмитрий Никитич,Мужчины
Рыбаков Эмиль Владимирович,Мужчины
Фролов Денис Ильич,Мужчины
Родионова Лейла Викторовна,Женщины
Кулешова Ксения Михайловна,Женщины
Ананьева Алиса Тимофеевна,Женщины
Богомолов Дмитрий Михайлович,Мужчины
Леонова София Ярославовна,Женщины
Наумов Фёдор Миронович,Мужчины
Смирнова Анна Адамовна,Женщины
Волков Михаил Викторович,Мужчины
Захарова Анастасия Кирилловна,Женщины
Шестакова Маргарита Александровна,Женщины
Калинина Амина Арсентьевна,Женщины
Егорова Виктория Дмитриевна,Женщины
Филиппов Михаил Дмитриевич,Мужчины
Алексеева Александра Семёновна,Женщины
Маркина Вера Игоревна,Женщины
Леонова Злата Арсентьевна,Женщины
Кулагин Максим Максимович,Мужчины
Николаев Всеволод Давидович,Мужчины
Гаврилова Виктория Ивановна,Женщины
Родионов Денис Александрович,Мужчины
Сорокина Милана Ильинична,Женщины
Титов Кирилл Львович,Мужчины
Морозов Константин Владиславович,Мужчины
Попова Есения Робертовна,Женщины
Устинова Елизавета Павловна,Женщины
Козина Александра Матвеевна,Женщины
Моргунова Таисия Давидовна,Женщины
Быкова Валерия Александровна,Женщины
Васильев Роман Даниилович,Мужчины
Горбунов Александр Вячеславович,Мужчины
Рыжова Аврора Давидовна,Женщины
Трофимов Фёдор Сергеевич,Мужчины
Трофимова Амина Никитична,Женщины
Кузнецов Даниил Ярославович,Мужчины
Седов Степан Александрович,Мужчины
Давыдова Виктория Андреевна,Женщины
Исакова Полина Леонидовна,Женщины
Шилов Артём Николаевич,Мужчины
Воробьев Эмин Егорович,Мужчины
Кузьмин Александр Александрович,Мужчины
Фомина Анастасия Тиграновна,Женщины
Кондратьев Никита Александрович,Мужчины
Макарова Арина Дмитриевна,Женщины
Аксенов Семён Семёнович,Мужчины
Шишкин Никита Иванович,Мужчины
Щербаков Андрей Демидович,Мужчины
Иванова Василиса Филипповна,Женщины
Иванова Полина Мироновна,Женщины
Дмитриев Валерий Кириллович,Мужчины
Павлова Елизавета Глебовна,Женщины
Сомова Анна Андреевна,Женщины
Попова Арина Александровна,Женщины
Николаева Мария Владимировна,Женщины
Бабушкина Кристина Тимуровна,Женщины
Жилин Виктор Григорьевич,Мужчины
Соболева Анна Кирилловна,Женщины
Кузнецов Платон Денисович,Мужчины
Лебедева Анастасия Александровна,Женщины
Кудрявцева Александра Михайловна,Женщины
Антонова София Леонидовна,Женщины
Попова Анна Ярославовна,Женщины
Винокурова Екатерина Сергеевна,Женщины
Романова Алина Тиграновна,Женщины
Владимиров Максим Степанович,Мужчины
Воронов Артём Михайлович,Мужчины
Козлова Кристина Марковна,Женщины
Румянцева Вера Степановна,Женщины
Баранов Никита Маркович,Мужчины
Родионов Илья Матвеевич,Мужчины
Быкова Мария Константиновна,Женщины
Кузнецов Богдан Сергеевич,Мужчины
Седов Глеб Фёдорович,Мужчины
Григорьев Тигран Даниэльевич,Мужчины
Гришин Глеб Артёмович,Мужчины
Смирнов Александр Максимович,Мужчины
Романова София Викторовна,Женщины
Козлов Сергей Макарович,Мужчины
Гаврилова Мария Александровна,Женщины
Черкасов Демьян Ярославович,Мужчины
Попов Матвей Сергеевич,Мужчины
Волкова Вероника Дмитриевна,Женщины
Носов Михаил Артурович,Мужчины
Архипов Михаил Никитич,Мужчины
Егорова Арина Родионовна,Женщины
Щербаков Илья Максимович,Мужчины
Попов Фёдор Иванович,Мужчины
Мальцев Ярослав Львович,Мужчины
Алексеев Артём Кириллович,Мужчины
Афанасьев Даниил Маркович,Мужчины
Павлов Всеволод Григорьевич,Мужчины
Злобина Анна Матвеевна,Женщины
Капустин Георгий Миронович,Мужчины
Шестаков Платон Демидович,Мужчины
Максимов Андрей Андреевич,Мужчины
Лебедев Даниил Адамович,Мужчины
Кузьмин Андрей Кириллович,Мужчины
Фомин Артём Владимирович,Мужчины
Кузнецов Али Максимович,Мужчины
Фетисов Богдан Платонович,Мужчины
Куликов Максим Михайлович,Мужчины
Смирнова Лидия Елисеевна,Женщины
Горшкова Тамара Ильинична,Женщины
Антонов Михаил Фёдорович,Мужчины
Смирнова Эмилия Алексеевна,Женщины
Морозов Александр Владимирович,Мужчины
Казаков Михаил Фёдорович,Мужчины
Емельянов Артемий Егорович,Мужчины
Потапов Лев Эмирович,Мужчины
Соловьев Артём Михайлович,Мужчины
Мартынова Мария Константиновна,Женщины
Егорова Арина Алиевна,Женщины
Никифорова Алина Сергеевна,Женщины
Пономарева Александра Артёмовна,Женщины
Блохин Даниил Ильич,Мужчины
Серебряков Михаил Романович,Мужчины
Шишкин Даниэль Ильич,Мужчины
Покровская Ангелина Михайловна,Женщины
Соловьев Никита Артёмович,Мужчины
Измайлова Ольга Михайловна,Женщины
Кулаков Даниэль Викторович,Мужчины
Островская Вера Ивановна,Женщины
Добрынина Мария Романовна,Женщины
Морозова Виктория Данииловна,Женщины
Щербакова Эмилия Елисеевна,Женщины
Плотникова Мария Елисеевна,Женщины
Авдеев Арсений Захарович,Мужчины
Гусев Ярослав Георгиевич,Мужчины
Васильев Фёдор Тимурович,Мужчины
Ушаков Иван Артемьевич,Мужчины
Козлова Есения Владимировна,Женщины
Козлова Агния Максимовна,Женщины
Михайлова Василиса Романовна,Женщины
Воронина Анастасия Павловна,Женщины
Виноградов Тимофей Иванович,Мужчины
Спиридонова Дарья Эмильевна,Женщины
Кондратьев Максим Саввич,Мужчины
Баженова Нина Мироновна,Женщины
Власова Виктория Святославовна,Женщины
Сорокина Варвара Ивановна,Женщины
Жуков Сергей Ярославович,Мужчины
Литвинова Маргарита Макаровна,Женщины
Карпова Ульяна Матвеевна,Женщины
Владимиров Александр Романович,Мужчины
Осипова Ксения Викторовна,Женщины
Рыжов Святослав Владимирович,Мужчины
Румянцева Елена Константиновна,Женщины
Быков Андрей Александрович,Мужчины
Щербаков Пётр Егорович,Мужчины
Островская Лия Тимофеевна,Женщины
Петрова Алия Ильинична,Женщины
Савельева Нина Александровна,Женщины
Царев Владимир Иванович,Мужчины
Кузнецов Макар Максимович,Мужчины
Калмыкова Алиса Николаевна,Женщины
Фокина Ева Данииловна,Женщины
Морозова Ева Юрьевна,Женщины
Мещеряков Виктор Ильич,Мужчины
Никольский Егор Алексеевич,Мужчины
Леонтьев Роберт Тимофеевич,Мужчины
Зверев Денис Матвеевич,Мужчины
Казакова Стефания Леонидовна,Женщины
Лебедева Александра Елисеевна,Женщины
Зотова Елизавета Рафаэльевна,Женщины
Вавилов Никита Максимович,Мужчины
Козлова Варвара Александровна,Женщины
Сомова Полина Константиновна,Женщины
Исаев Максим Викторович,Мужчины
Андреев Ярослав Сергеевич,Мужчины
Серов Тимофей Михайлович,Мужчины
Комаров Даниил Алексеевич,Мужчины
Сахаров Александр Егорович,Мужчины
Гусева Полина Максимовна,Женщины
Алексеева Виктория Михайловна,Женщины
Зайцева Татьяна Алиевна,Женщины
Токарева Анна Александровна,Женщины
Андреев Глеб Иванович,Мужчины
Смирнов Глеб Андреевич,Мужчины
Кузин Никита Артёмович,Мужчины
Комаров Макар Иванович,Мужчины
Чесноков Тихон Кириллович,Мужчины
Фролов Григорий Владиславович,Мужчины
Александров Тихон Никитич,Мужчины
Иванов Василий Никитич,Мужчины
Макарова Алиса Ильинична,Женщины
Осипов Марк Ярославович,Мужчины
Куприянов Всеволод Михайлович,Мужчины
Соболев Александр Иванович,Мужчины
Алексеева Полина Романовна,Женщины
Иванова София Владимировна,Женщины
Агафонова Анастасия Мироновна,Женщины
Федотова Алина Максимовна,Женщины
Белов Александр Гордеевич,Мужчины
Ковалев Дамир Владимирович,Мужчины
Грачев Никита Артёмович,Мужчины
Жданов Леонид Андреевич,Мужчины
Некрасов Глеб Артёмович,Мужчины
Дьяконов Александр Матвеевич,Мужчины
Чесноков Александр Русланович,Мужчины
Кондрашов Владимир Богданович,Мужчины
Тимофеева Виктория Михайловна,Женщины
Румянцева Анастасия Артёмовна,Женщины
Рыбакова Дарина Марковна,Женщины
Ильина Елизавета Ильинична,Женщины
Горбачев Платон Иванович,Мужчины
Александрова Агния Семёновна,Женщины
Черкасова Лейла Фёдоровна,Женщины
Щербаков Михаил Александрович,Мужчины
Макаров Александр Романович,Мужчины
Шестакова Ясмина Николаевна,Женщины
Васильев Лев Тимурович,Мужчины
Савельев Павел Андреевич,Мужчины
Данилов Александр Николаевич,Мужчины
Лапшин Степан Иванович,Мужчины
Лукина Вера Романовна,Женщины
Кожевников Александр Маркович,Мужчины
Бочаров Степан Дмитриевич,Мужчины
Лосев Тимофей Тимофеевич,Мужчины
Куликова Марфа Тихоновна,Женщины
Гордеева Елизавета Алексеевна,Женщины
Бессонов Данила Валерьевич,Мужчины
Кузина Ксения Романовна,Женщины
Тихомиров Мирон Арсентьевич,Мужчины
Горбунова Елена Ивановна,Женщины
Рыжова Эмилия Андреевна,Женщины
Демин Александр Матвеевич,Мужчины
Смирнова Есения Платоновна,Женщины
Гусев Давид Львович,Мужчины
Соколов Адам Ярославович,Мужчины
Самсонов Даниил Николаевич,Мужчины
Попов Иван Денисович,Мужчины
Филатов Максим Георгиевич,Мужчины
Емельянова Юлия Евгеньевна,Женщины
Миронов Артём Максимович,Мужчины
Максимова Анастасия Дмитриевна,Женщины
Васильева Алёна Ивановна,Женщины
Зайцева Ульяна Тимофеевна,Женщины
Беляев Дмитрий Михайлович,Мужчины
Кузнецов Никита Никитич,Мужчины
Петров Тимофей Робертович,Мужчины
Антипов Константин Ильич,Мужчины
Гусев Артём Александрович,Мужчины
Никитина Валерия Игоревна,Женщины
Белов Роман Михайлович,Мужчины
Степанова Софья Ивановна,Женщины
Волков Станислав Артёмович,Мужчины
Ларин Владимир Максимович,Мужчины
Нефедов Мирон Даниилович,Мужчины
Родионов Дамир Александрович,Мужчины
Миронов Алексей Андреевич,Мужчины
Гришин Ярослав Александрович,Мужчины
Кудрявцева София Григорьевна,Женщины
Тихомирова Анастасия Александровна,Женщины
Лапшина София Владимировна,Женщины
Верещагина Кристина Платоновна,Женщины
Павлова Екатерина Романовна,Женщины
